,id,latitude,longitude,altitude,date,time
0,9,40.05015,116.300418,28,2008-10-24,10:15:35
1,9,40.050295,116.300397,66,2008-10-24,10:15:36
2,9,40.050247,116.30033,66,2008-10-24,10:15:37
3,9,40.050279,116.300369,62,2008-10-24,10:15:38
4,9,40.050325,116.300424,63,2008-10-24,10:15:39
5,9,40.050346,116.300416,79,2008-10-24,10:15:41
6,9,40.050387,116.300455,82,2008-10-24,10:15:44
7,9,40.050422,116.300493,86,2008-10-24,10:15:48
8,9,40.050477,116.300506,83,2008-10-24,10:15:53
9,9,40.050494,116.300448,89,2008-10-24,10:15:57
10,9,40.050518,116.300396,88,2008-10-24,10:16:02
11,9,40.050559,116.300367,89,2008-10-24,10:16:07
12,9,40.050597,116.300326,89,2008-10-24,10:16:10
13,9,40.050615,116.300271,87,2008-10-24,10:16:12
14,9,40.05066,116.30026,83,2008-10-24,10:16:15
15,9,40.050711,116.300243,82,2008-10-24,10:16:19
16,9,40.050745,116.30022,77,2008-10-24,10:16:24
17,9,40.050781,116.300205,70,2008-10-24,10:16:29
18,9,40.05079,116.300184,72,2008-10-24,10:16:34
19,9,40.050817,116.300199,70,2008-10-24,10:16:39
20,9,40.050881,116.3002,68,2008-10-24,10:16:43
21,9,40.050934,116.300179,68,2008-10-24,10:16:47
22,9,40.050984,116.300169,64,2008-10-24,10:16:50
23,9,40.051024,116.300142,59,2008-10-24,10:16:54
24,9,40.051068,116.300127,53,2008-10-24,10:16:57
25,9,40.051112,116.300112,51,2008-10-24,10:16:59
26,9,40.05115,116.300088,50,2008-10-24,10:17:04
27,9,40.051376,116.299901,56,2008-10-24,10:20:11
28,9,40.051416,116.299871,56,2008-10-24,10:20:14
29,9,40.051455,116.299826,56,2008-10-24,10:20:17
30,9,40.051489,116.299787,56,2008-10-24,10:20:19
31,9,40.051531,116.299749,56,2008-10-24,10:20:21
32,9,40.051574,116.299716,56,2008-10-24,10:20:23
33,9,40.051629,116.299671,56,2008-10-24,10:20:25
34,9,40.051685,116.299622,56,2008-10-24,10:20:27
35,9,40.051732,116.299584,56,2008-10-24,10:20:29
36,9,40.051773,116.299551,56,2008-10-24,10:20:31
37,9,40.051806,116.29951,56,2008-10-24,10:20:34
38,9,40.05184,116.299467,56,2008-10-24,10:20:38
39,9,40.051878,116.299418,56,2008-10-24,10:20:41
40,9,40.051881,116.299357,56,2008-10-24,10:20:44
41,9,40.051866,116.299302,56,2008-10-24,10:20:46
42,9,40.051858,116.299231,56,2008-10-24,10:20:48
43,9,40.044046,116.297922,339,2008-10-24,10:23:54
44,9,40.043786,116.297695,508,2008-10-24,10:23:55
45,9,40.043571,116.297512,618,2008-10-24,10:23:56
46,9,40.043264,116.297261,801,2008-10-24,10:23:57
47,9,40.044804,116.297305,784,2008-10-24,10:24:23
48,9,40.044934,116.297264,780,2008-10-24,10:24:25
49,9,40.045121,116.297309,777,2008-10-24,10:24:26
50,9,40.045136,116.297144,770,2008-10-24,10:24:28
51,9,40.045171,116.297185,770,2008-10-24,10:24:29
52,9,40.04516,116.29707,766,2008-10-24,10:24:32
53,9,40.045208,116.297048,764,2008-10-24,10:24:34
54,9,40.045236,116.296987,762,2008-10-24,10:24:36
55,9,40.045275,116.296935,760,2008-10-24,10:24:38
56,9,40.045306,116.296888,758,2008-10-24,10:24:39
57,9,40.045366,116.296854,755,2008-10-24,10:24:41
58,9,40.045457,116.296825,751,2008-10-24,10:24:43
59,9,40.04551,116.296824,750,2008-10-24,10:24:45
60,9,40.04552,116.296774,740,2008-10-24,10:24:48
61,9,40.04547,116.296782,744,2008-10-24,10:24:53
62,9,40.045383,116.296812,743,2008-10-24,10:24:57
63,9,40.045317,116.296835,740,2008-10-24,10:25:00
64,9,40.045269,116.296834,742,2008-10-24,10:25:04
65,9,40.045259,116.296836,744,2008-10-24,10:25:09
66,9,40.045259,116.296836,744,2008-10-24,10:25:12
67,9,40.045265,116.296831,744,2008-10-24,10:25:14
68,9,40.045462,116.300081,84,2008-10-24,10:42:36
69,9,40.045314,116.299557,270,2008-10-24,10:42:37
70,9,40.045486,116.299297,404,2008-10-24,10:42:38
71,9,40.04536,116.298672,472,2008-10-24,10:42:39
72,9,40.045383,116.298128,529,2008-10-24,10:42:40
73,9,40.04532,116.297879,588,2008-10-24,10:42:41
74,9,40.045358,116.297957,604,2008-10-24,10:42:47
75,9,40.045351,116.297923,591,2008-10-24,10:42:52
76,9,40.045479,116.298022,487,2008-10-24,10:42:57
77,9,40.045232,116.297913,493,2008-10-24,10:42:58
78,9,40.04497,116.297656,514,2008-10-24,10:42:59
79,9,40.044898,116.29754,515,2008-10-24,10:43:00
80,9,40.044727,116.297511,524,2008-10-24,10:43:02
81,9,40.04468,116.297519,518,2008-10-24,10:43:07
82,9,40.044572,116.297567,514,2008-10-24,10:43:08
83,9,40.04441,116.297575,502,2008-10-24,10:43:11
84,9,40.044369,116.297584,495,2008-10-24,10:43:12
85,9,40.044319,116.297582,489,2008-10-24,10:43:13
86,9,40.044287,116.297603,475,2008-10-24,10:43:16
87,9,40.044209,116.297601,470,2008-10-24,10:43:19
88,9,40.044157,116.297601,464,2008-10-24,10:43:21
89,9,40.044097,116.297597,456,2008-10-24,10:43:24
90,9,40.044148,116.297603,448,2008-10-24,10:43:25
91,9,40.044168,116.297595,439,2008-10-24,10:43:30
92,9,40.044214,116.297582,430,2008-10-24,10:43:33
93,9,40.044258,116.297619,427,2008-10-24,10:43:36
94,9,40.044296,116.297645,420,2008-10-24,10:43:41
95,9,40.044397,116.297665,412,2008-10-24,10:43:43
96,9,40.044439,116.297696,405,2008-10-24,10:43:47
97,9,40.044469,116.297726,400,2008-10-24,10:43:52
98,9,40.044489,116.297757,397,2008-10-24,10:43:57
99,9,40.044468,116.297764,398,2008-10-24,10:44:02
100,9,40.044452,116.297762,394,2008-10-24,10:44:07
101,9,40.044396,116.297767,393,2008-10-24,10:44:12
102,9,40.044376,116.297842,389,2008-10-24,10:44:15
103,9,40.04444,116.297959,383,2008-10-24,10:44:17
104,9,40.044454,116.298005,381,2008-10-24,10:44:22
105,9,40.044493,116.298039,379,2008-10-24,10:44:26
106,9,40.044472,116.298111,373,2008-10-24,10:44:30
107,9,40.044493,116.298143,369,2008-10-24,10:44:35
108,9,40.044486,116.298215,367,2008-10-24,10:44:40
109,9,40.044467,116.29825,366,2008-10-24,10:44:45
110,9,40.044456,116.298271,365,2008-10-24,10:44:50
111,9,40.044427,116.298301,362,2008-10-24,10:44:55
112,9,40.0444,116.298305,359,2008-10-24,10:45:00
113,9,40.044295,116.298381,359,2008-10-24,10:45:02
114,9,40.044247,116.298373,361,2008-10-24,10:45:05
115,9,40.044186,116.298351,362,2008-10-24,10:45:08
116,9,40.044137,116.298291,366,2008-10-24,10:45:10
117,9,40.044116,116.298238,369,2008-10-24,10:45:12
118,9,40.044158,116.298201,364,2008-10-24,10:45:16
119,9,40.044171,116.298193,362,2008-10-24,10:45:21
120,9,40.044151,116.298155,350,2008-10-24,10:45:26
121,9,40.044054,116.298078,334,2008-10-24,10:45:30
122,9,40.044054,116.298394,116,2008-10-24,10:49:30
123,9,40.044067,116.298465,115,2008-10-24,10:49:31
124,9,40.044079,116.298539,114,2008-10-24,10:49:32
125,9,40.044083,116.29862,112,2008-10-24,10:49:33
126,9,40.044085,116.298702,111,2008-10-24,10:49:34
127,9,40.044078,116.298781,110,2008-10-24,10:49:35
128,9,40.044073,116.298869,108,2008-10-24,10:49:36
129,9,40.044065,116.29895,107,2008-10-24,10:49:37
130,9,40.044066,116.299031,106,2008-10-24,10:49:38
131,9,40.044076,116.299106,104,2008-10-24,10:49:39
132,9,40.044097,116.299182,103,2008-10-24,10:49:40
133,9,40.044123,116.299247,102,2008-10-24,10:49:41
134,9,40.044145,116.299308,100,2008-10-24,10:49:42
135,9,40.04417,116.29936,99,2008-10-24,10:49:43
136,9,40.044228,116.299442,96,2008-10-24,10:49:45
137,9,40.044264,116.299484,95,2008-10-24,10:49:46
138,9,40.044302,116.299528,93,2008-10-24,10:49:47
139,9,40.044345,116.299571,92,2008-10-24,10:49:48
140,9,40.044382,116.299627,91,2008-10-24,10:49:49
141,9,40.044427,116.299681,89,2008-10-24,10:49:50
142,9,40.044463,116.299741,88,2008-10-24,10:49:51
143,9,40.044508,116.299802,87,2008-10-24,10:49:52
144,9,40.044523,116.299868,85,2008-10-24,10:49:53
145,9,40.044546,116.29993,84,2008-10-24,10:49:54
146,9,40.044556,116.300003,82,2008-10-24,10:49:55
147,9,40.04457,116.300076,81,2008-10-24,10:49:56
148,9,40.044595,116.300156,80,2008-10-24,10:49:57
149,9,40.044634,116.300246,78,2008-10-24,10:49:58
150,9,40.044653,116.30033,77,2008-10-24,10:49:59
151,9,40.044673,116.300413,75,2008-10-24,10:50:00
152,9,40.044701,116.300499,74,2008-10-24,10:50:01
153,9,40.044729,116.300582,73,2008-10-24,10:50:02
154,9,40.044757,116.300668,71,2008-10-24,10:50:03
155,9,40.044774,116.300759,70,2008-10-24,10:50:04
156,9,40.044797,116.300849,69,2008-10-24,10:50:05
157,9,40.044845,116.300951,67,2008-10-24,10:50:06
158,9,40.044868,116.301051,66,2008-10-24,10:50:07
159,9,40.044889,116.301148,64,2008-10-24,10:50:08
160,9,40.044908,116.301247,63,2008-10-24,10:50:09
161,9,40.044928,116.301346,62,2008-10-24,10:50:10
162,9,40.044942,116.301446,60,2008-10-24,10:50:11
163,9,40.044969,116.301542,59,2008-10-24,10:50:12
164,9,40.044993,116.301635,58,2008-10-24,10:50:13
165,9,40.045015,116.301724,57,2008-10-24,10:50:14
166,9,40.045032,116.301804,56,2008-10-24,10:50:15
167,9,40.045042,116.301885,55,2008-10-24,10:50:16
168,9,40.045056,116.301958,53,2008-10-24,10:50:17
169,9,40.04507,116.302025,52,2008-10-24,10:50:18
170,9,40.04508,116.302083,51,2008-10-24,10:50:19
171,9,40.045104,116.302179,49,2008-10-24,10:50:21
172,9,40.04513,116.302257,48,2008-10-24,10:50:23
173,9,40.045169,116.302321,46,2008-10-24,10:50:25
174,9,40.045223,116.302367,44,2008-10-24,10:50:27
175,9,40.045281,116.302394,42,2008-10-24,10:50:30
176,9,40.045337,116.302411,42,2008-10-24,10:50:31
177,9,40.045393,116.302373,39,2008-10-24,10:50:35
178,9,40.045441,116.302335,37,2008-10-24,10:50:38
179,9,40.04547,116.302316,33,2008-10-24,10:50:43
180,9,40.045478,116.302332,28,2008-10-24,10:50:48
181,9,40.045508,116.302326,24,2008-10-24,10:50:53
182,9,40.045549,116.302292,23,2008-10-24,10:50:56
183,9,40.045602,116.302269,22,2008-10-24,10:50:59
184,9,40.045634,116.302252,21,2008-10-24,10:51:04
185,9,40.045663,116.302241,22,2008-10-24,10:51:09
186,9,40.045703,116.30221,22,2008-10-24,10:51:11
187,9,40.045749,116.302176,22,2008-10-24,10:51:13
188,9,40.045791,116.302149,23,2008-10-24,10:51:15
189,9,40.045839,116.302103,23,2008-10-24,10:51:17
190,9,40.045838,116.30204,25,2008-10-24,10:51:19
191,9,40.04589,116.302011,26,2008-10-24,10:51:22
192,9,40.045861,116.301966,29,2008-10-24,10:51:26
193,9,40.045847,116.301967,33,2008-10-24,10:51:31
194,9,40.045861,116.301988,37,2008-10-24,10:51:36
195,9,40.045835,116.302005,40,2008-10-24,10:51:41
196,9,40.045857,116.301953,42,2008-10-24,10:51:45
197,9,40.045902,116.3019,44,2008-10-24,10:51:48
198,9,40.045937,116.301861,46,2008-10-24,10:51:52
199,9,40.04594,116.301832,48,2008-10-24,10:51:57
200,9,40.045932,116.301809,50,2008-10-24,10:52:02
201,9,40.045929,116.301818,51,2008-10-24,10:52:07
202,9,40.045961,116.301824,56,2008-10-24,10:52:12
203,9,40.045996,116.301827,60,2008-10-24,10:52:17
204,9,40.045982,116.301852,64,2008-10-24,10:52:22
205,9,40.045935,116.30191,67,2008-10-24,10:52:25
206,9,40.045924,116.301943,71,2008-10-24,10:52:30
207,9,40.045969,116.301955,70,2008-10-24,10:52:33
208,9,40.046018,116.301951,72,2008-10-24,10:52:36
209,9,40.046066,116.301928,73,2008-10-24,10:52:38
210,9,40.046114,116.301914,74,2008-10-24,10:52:40
211,9,40.046113,116.301851,74,2008-10-24,10:52:45
212,9,40.046093,116.301818,74,2008-10-24,10:52:50
213,9,40.046099,116.301798,71,2008-10-24,10:52:55
214,9,40.046099,116.301798,71,2008-10-24,10:52:58
215,9,40.046099,116.301795,71,2008-10-24,10:53:00
216,9,40.046122,116.30182,72,2008-10-24,10:53:05
217,9,40.046174,116.301802,72,2008-10-24,10:53:08
218,9,40.046207,116.301784,72,2008-10-24,10:53:13
219,9,40.046253,116.301763,71,2008-10-24,10:53:16
220,9,40.046302,116.301764,70,2008-10-24,10:53:17
221,9,40.046343,116.301736,69,2008-10-24,10:53:19
222,9,40.046327,116.301681,67,2008-10-24,10:53:23
223,9,40.046338,116.301672,64,2008-10-24,10:53:28
224,9,40.04629,116.301651,64,2008-10-24,10:53:31
225,9,40.046322,116.301665,60,2008-10-24,10:53:36
226,9,40.046378,116.301678,58,2008-10-24,10:53:38
227,9,40.046415,116.301633,56,2008-10-24,10:53:42
228,9,40.046457,116.301607,54,2008-10-24,10:53:43
229,9,40.046512,116.301551,52,2008-10-24,10:53:45
230,9,40.046564,116.301531,51,2008-10-24,10:53:46
231,9,40.046633,116.301512,48,2008-10-24,10:53:48
232,9,40.046664,116.301464,46,2008-10-24,10:53:51
233,9,40.046665,116.301423,42,2008-10-24,10:53:56
234,9,40.046676,116.301387,41,2008-10-24,10:54:01
235,9,40.046703,116.30138,33,2008-10-24,10:54:06
236,9,40.046798,116.301396,75,2008-10-24,10:54:09
237,9,40.046833,116.301401,92,2008-10-24,10:54:12
238,9,40.046867,116.301367,98,2008-10-24,10:54:17
239,9,40.046911,116.30135,101,2008-10-24,10:54:19
240,9,40.046927,116.301287,100,2008-10-24,10:54:23
241,9,40.046979,116.301268,101,2008-10-24,10:54:27
242,9,40.047026,116.301272,102,2008-10-24,10:54:30
243,9,40.047072,116.301251,102,2008-10-24,10:54:34
244,9,40.047107,116.301222,103,2008-10-24,10:54:39
245,9,40.047164,116.301192,105,2008-10-24,10:54:42
246,9,40.047217,116.301174,107,2008-10-24,10:54:44
247,9,40.047283,116.301158,113,2008-10-24,10:54:46
248,9,40.047332,116.301142,116,2008-10-24,10:54:48
249,9,40.047396,116.301121,119,2008-10-24,10:54:51
250,9,40.047452,116.301093,118,2008-10-24,10:54:55
251,9,40.047499,116.301084,116,2008-10-24,10:54:58
252,9,40.047551,116.301048,113,2008-10-24,10:55:02
253,9,40.047592,116.301023,112,2008-10-24,10:55:06
254,9,40.047638,116.300995,112,2008-10-24,10:55:11
255,9,40.047684,116.300962,115,2008-10-24,10:55:15
256,9,40.047722,116.300931,118,2008-10-24,10:55:18
257,9,40.047775,116.300923,120,2008-10-24,10:55:21
258,9,40.047823,116.300905,121,2008-10-24,10:55:24
259,9,40.04787,116.300891,121,2008-10-24,10:55:27
260,9,40.04791,116.300858,121,2008-10-24,10:55:30
261,9,40.047957,116.300817,118,2008-10-24,10:55:34
262,9,40.048018,116.300794,116,2008-10-24,10:55:38
263,9,40.048062,116.300782,115,2008-10-24,10:55:41
264,9,40.048113,116.300749,116,2008-10-24,10:55:44
265,9,40.048158,116.30073,117,2008-10-24,10:55:47
266,9,40.048199,116.300694,119,2008-10-24,10:55:51
267,9,40.04824,116.300668,120,2008-10-24,10:55:54
268,9,40.048291,116.300639,123,2008-10-24,10:55:58
269,9,40.048334,116.300618,122,2008-10-24,10:56:01
270,9,40.048379,116.300599,123,2008-10-24,10:56:04
271,9,40.048416,116.300547,125,2008-10-24,10:56:07
272,9,40.048464,116.300524,128,2008-10-24,10:56:10
273,9,40.048518,116.300507,130,2008-10-24,10:56:14
274,9,40.048574,116.300472,130,2008-10-24,10:56:18
275,9,40.048621,116.300458,132,2008-10-24,10:56:21
276,9,40.048667,116.300445,133,2008-10-24,10:56:24
277,9,40.048714,116.300419,134,2008-10-24,10:56:27
278,9,40.048757,116.300392,139,2008-10-24,10:56:30
279,9,40.048806,116.300379,139,2008-10-24,10:56:33
280,9,40.048858,116.300342,139,2008-10-24,10:56:37
281,9,40.048914,116.300338,140,2008-10-24,10:56:41
282,9,40.04896,116.300326,138,2008-10-24,10:56:44
283,9,40.049016,116.300339,134,2008-10-24,10:56:48
284,9,40.049064,116.300345,128,2008-10-24,10:56:51
285,9,40.049105,116.300402,122,2008-10-24,10:56:54
286,9,40.049128,116.300459,115,2008-10-24,10:56:57
287,9,40.049137,116.300522,108,2008-10-24,10:57:00
288,9,40.049152,116.300574,102,2008-10-24,10:57:03
289,9,40.049179,116.300629,97,2008-10-24,10:57:06
290,9,40.049208,116.300685,93,2008-10-24,10:57:09
291,9,40.049225,116.300745,91,2008-10-24,10:57:12
292,9,40.049255,116.3008,90,2008-10-24,10:57:15
293,9,40.049273,116.300856,90,2008-10-24,10:57:18
294,9,40.049298,116.30091,92,2008-10-24,10:57:21
295,9,40.049327,116.300957,92,2008-10-24,10:57:24
296,9,40.049361,116.301012,94,2008-10-24,10:57:28
297,9,40.04941,116.30106,96,2008-10-24,10:57:31
298,9,40.049451,116.301099,100,2008-10-24,10:57:35
299,9,40.049497,116.301078,99,2008-10-24,10:57:39
300,9,40.04954,116.301048,103,2008-10-24,10:57:43
301,9,40.04957,116.301019,109,2008-10-24,10:57:48
302,9,40.049609,116.300985,113,2008-10-24,10:57:53
303,9,40.049658,116.300965,117,2008-10-24,10:57:56
304,9,40.049705,116.300953,121,2008-10-24,10:57:59
305,9,40.049746,116.300928,124,2008-10-24,10:58:03
306,9,40.049789,116.300891,122,2008-10-24,10:58:08
307,9,40.049838,116.300857,118,2008-10-24,10:58:11
308,9,40.049891,116.300825,121,2008-10-24,10:58:15
309,9,40.049938,116.300779,124,2008-10-24,10:58:19
310,9,40.049985,116.300739,128,2008-10-24,10:58:23
311,9,40.050033,116.30073,131,2008-10-24,10:58:26
312,9,40.050079,116.300711,130,2008-10-24,10:58:30
313,9,40.050128,116.300708,129,2008-10-24,10:58:35
314,9,40.050141,116.300707,130,2008-10-24,10:58:40
315,9,40.050172,116.300701,130,2008-10-24,10:58:45
316,9,40.050206,116.300659,130,2008-10-24,10:58:49
317,9,40.050212,116.300603,132,2008-10-24,10:58:54
318,9,40.050216,116.300554,134,2008-10-24,10:58:59
319,9,40.050228,116.300561,134,2008-10-24,10:59:04
320,9,40.050236,116.300557,134,2008-10-24,10:59:09
321,9,40.050242,116.300556,134,2008-10-24,10:59:14
322,9,40.050242,116.300556,134,2008-10-24,10:59:17
323,9,40.05025,116.300555,134,2008-10-24,10:59:19
324,9,40.050254,116.300605,137,2008-10-24,10:59:24
325,9,40.050247,116.300659,135,2008-10-24,10:59:29
326,9,40.050245,116.300678,135,2008-10-24,10:59:34
327,9,40.050247,116.300681,135,2008-10-24,10:59:39
328,9,40.050247,116.300681,135,2008-10-24,10:59:42
329,9,40.050252,116.300683,135,2008-10-24,10:59:44
330,9,40.050341,116.300867,135,2008-10-24,10:59:49
331,9,40.050284,116.300909,136,2008-10-24,10:59:50
332,9,40.050311,116.300959,138,2008-10-24,10:59:55
333,9,40.050345,116.300988,140,2008-10-24,11:00:00
334,9,40.050396,116.30098,141,2008-10-24,11:00:04
335,9,40.0504,116.300969,142,2008-10-24,11:00:09
336,9,40.050401,116.300969,142,2008-10-24,11:00:14
337,9,40.050406,116.300965,142,2008-10-24,11:00:19
338,9,40.050409,116.300963,142,2008-10-24,11:00:24
339,9,40.050405,116.300966,142,2008-10-24,11:00:29
340,9,40.050405,116.300966,142,2008-10-24,11:00:32
341,9,40.050404,116.30097,142,2008-10-24,11:00:34
342,9,40.050405,116.300988,141,2008-10-24,11:00:39
343,9,40.050409,116.300985,141,2008-10-24,11:00:44
344,9,40.050413,116.300981,141,2008-10-24,11:00:49
345,9,40.050418,116.300977,141,2008-10-24,11:00:54
346,9,40.050425,116.300971,140,2008-10-24,11:00:59
347,9,40.050419,116.300975,141,2008-10-24,11:01:04
348,9,40.050414,116.300979,141,2008-10-24,11:01:09
349,9,40.050408,116.300984,141,2008-10-24,11:01:14
350,9,40.050405,116.300986,141,2008-10-24,11:01:19
351,9,40.050405,116.300986,141,2008-10-24,11:01:22
352,9,40.050412,116.30098,141,2008-10-24,11:01:24
353,9,40.050422,116.300973,141,2008-10-24,11:01:29
354,9,40.050427,116.300968,141,2008-10-24,11:01:34
355,9,40.050428,116.300966,141,2008-10-24,11:01:39
356,9,40.050428,116.300966,141,2008-10-24,11:01:42
357,9,40.050424,116.300968,141,2008-10-24,11:01:44
358,9,40.0504,116.300975,141,2008-10-24,11:01:49
359,9,40.050349,116.300973,141,2008-10-24,11:01:52
360,9,40.050299,116.300961,141,2008-10-24,11:01:55
361,9,40.050249,116.300951,141,2008-10-24,11:01:58
362,9,40.050201,116.300957,141,2008-10-24,11:02:02
363,9,40.050194,116.300937,141,2008-10-24,11:02:07
364,9,40.050231,116.30092,140,2008-10-24,11:02:12
365,9,40.050236,116.300921,140,2008-10-24,11:02:17
366,9,40.050236,116.300921,140,2008-10-24,11:02:20
367,9,40.050228,116.300927,140,2008-10-24,11:02:22
368,9,40.050198,116.300929,140,2008-10-24,11:02:27
369,9,40.050144,116.300951,140,2008-10-24,11:02:31
370,9,40.050098,116.300945,140,2008-10-24,11:02:32
371,9,40.050016,116.30102,139,2008-10-24,11:02:34
372,9,40.04994,116.301088,139,2008-10-24,11:02:35
373,9,40.049819,116.301176,138,2008-10-24,11:02:36
374,9,40.049722,116.301223,138,2008-10-24,11:02:37
375,9,40.049596,116.301287,137,2008-10-24,11:02:38
376,9,40.049349,116.301427,137,2008-10-24,11:02:39
377,9,40.049108,116.301578,137,2008-10-24,11:02:40
378,9,40.048812,116.30176,138,2008-10-24,11:02:41
379,9,40.048611,116.30187,138,2008-10-24,11:02:42
380,9,40.048428,116.301986,138,2008-10-24,11:02:43
381,9,40.048266,116.302099,137,2008-10-24,11:02:44
382,9,40.048091,116.302221,137,2008-10-24,11:02:45
383,9,40.047913,116.302336,137,2008-10-24,11:02:46
384,9,40.047726,116.302481,137,2008-10-24,11:02:47
385,9,40.047569,116.302613,136,2008-10-24,11:02:48
386,9,40.047401,116.302725,136,2008-10-24,11:02:49
387,9,40.04723,116.302841,135,2008-10-24,11:02:50
388,9,40.047076,116.302963,135,2008-10-24,11:02:51
389,9,40.046918,116.303084,134,2008-10-24,11:02:52
390,9,40.046766,116.3032,134,2008-10-24,11:02:53
391,9,40.046608,116.303318,133,2008-10-24,11:02:54
392,9,40.046455,116.303439,133,2008-10-24,11:02:55
393,9,40.046303,116.303559,132,2008-10-24,11:02:56
394,9,40.046156,116.303684,131,2008-10-24,11:02:57
395,9,40.04601,116.303801,131,2008-10-24,11:02:58
396,9,40.045864,116.303915,130,2008-10-24,11:02:59
397,9,40.045716,116.304027,129,2008-10-24,11:03:00
398,9,40.045567,116.304138,128,2008-10-24,11:03:01
399,9,40.045422,116.304251,126,2008-10-24,11:03:02
400,9,40.045279,116.304363,125,2008-10-24,11:03:03
401,9,40.045135,116.304471,124,2008-10-24,11:03:04
402,9,40.04499,116.304583,123,2008-10-24,11:03:05
403,9,40.044851,116.304696,121,2008-10-24,11:03:06
404,9,40.044714,116.30481,120,2008-10-24,11:03:07
405,9,40.044576,116.304917,119,2008-10-24,11:03:08
406,9,40.044439,116.305028,117,2008-10-24,11:03:09
407,9,40.0443,116.305139,116,2008-10-24,11:03:10
408,9,40.044165,116.305247,115,2008-10-24,11:03:11
409,9,40.044033,116.305364,113,2008-10-24,11:03:12
410,9,40.043897,116.30547,111,2008-10-24,11:03:13
411,9,40.043767,116.305574,110,2008-10-24,11:03:14
412,9,40.043642,116.305676,109,2008-10-24,11:03:15
413,9,40.043519,116.305777,108,2008-10-24,11:03:16
414,9,40.043395,116.305879,107,2008-10-24,11:03:17
415,9,40.043263,116.305977,105,2008-10-24,11:03:18
416,9,40.043137,116.306073,104,2008-10-24,11:03:19
417,9,40.043007,116.306169,102,2008-10-24,11:03:20
418,9,40.042878,116.306264,101,2008-10-24,11:03:21
419,9,40.042747,116.306359,100,2008-10-24,11:03:22
420,9,40.042613,116.306456,99,2008-10-24,11:03:23
421,9,40.04247,116.306552,99,2008-10-24,11:03:24
422,9,40.042324,116.306645,98,2008-10-24,11:03:25
423,9,40.042171,116.306737,97,2008-10-24,11:03:26
424,9,40.042019,116.306829,97,2008-10-24,11:03:27
425,9,40.041863,116.306919,96,2008-10-24,11:03:28
426,9,40.041707,116.307008,95,2008-10-24,11:03:29
427,9,40.041551,116.307096,93,2008-10-24,11:03:30
428,9,40.041394,116.307179,92,2008-10-24,11:03:31
429,9,40.041241,116.307267,90,2008-10-24,11:03:32
430,9,40.041085,116.307349,89,2008-10-24,11:03:33
431,9,40.040929,116.307431,88,2008-10-24,11:03:34
432,9,40.040773,116.307513,86,2008-10-24,11:03:35
433,9,40.04062,116.3076,85,2008-10-24,11:03:36
434,9,40.040459,116.307682,84,2008-10-24,11:03:37
435,9,40.040293,116.30776,84,2008-10-24,11:03:38
436,9,40.040135,116.30784,82,2008-10-24,11:03:39
437,9,40.039983,116.307926,81,2008-10-24,11:03:40
438,9,40.03984,116.308017,80,2008-10-24,11:03:41
439,9,40.039674,116.308112,78,2008-10-24,11:03:42
440,9,40.039526,116.308218,76,2008-10-24,11:03:43
441,9,40.03939,116.308331,75,2008-10-24,11:03:44
442,9,40.03927,116.308452,74,2008-10-24,11:03:45
443,9,40.039139,116.30857,73,2008-10-24,11:03:46
444,9,40.039003,116.308697,71,2008-10-24,11:03:47
445,9,40.038872,116.308828,69,2008-10-24,11:03:48
446,9,40.038743,116.308972,67,2008-10-24,11:03:49
447,9,40.03862,116.309113,65,2008-10-24,11:03:50
448,9,40.038497,116.309255,62,2008-10-24,11:03:51
449,9,40.038377,116.30939,60,2008-10-24,11:03:52
450,9,40.038261,116.309525,58,2008-10-24,11:03:53
451,9,40.038149,116.309656,56,2008-10-24,11:03:54
452,9,40.038038,116.309788,54,2008-10-24,11:03:55
453,9,40.037927,116.309916,52,2008-10-24,11:03:56
454,9,40.037816,116.310042,50,2008-10-24,11:03:57
455,9,40.037704,116.310163,48,2008-10-24,11:03:58
456,9,40.037597,116.310284,46,2008-10-24,11:03:59
457,9,40.037492,116.310403,44,2008-10-24,11:04:00
458,9,40.03739,116.310521,42,2008-10-24,11:04:01
459,9,40.037292,116.310637,40,2008-10-24,11:04:02
460,9,40.037201,116.310755,38,2008-10-24,11:04:03
461,9,40.037098,116.310866,36,2008-10-24,11:04:04
462,9,40.036996,116.310974,34,2008-10-24,11:04:05
463,9,40.036891,116.311084,33,2008-10-24,11:04:06
464,9,40.036782,116.311192,31,2008-10-24,11:04:07
465,9,40.036671,116.311293,29,2008-10-24,11:04:08
466,9,40.036556,116.311392,28,2008-10-24,11:04:09
467,9,40.036451,116.311487,26,2008-10-24,11:04:10
468,9,40.036332,116.311577,25,2008-10-24,11:04:11
469,9,40.036224,116.311671,24,2008-10-24,11:04:12
470,9,40.0361,116.311761,22,2008-10-24,11:04:13
471,9,40.035987,116.31185,20,2008-10-24,11:04:14
472,9,40.035876,116.311945,18,2008-10-24,11:04:15
473,9,40.035753,116.312024,17,2008-10-24,11:04:16
474,9,40.035638,116.312109,16,2008-10-24,11:04:17
475,9,40.03552,116.312192,15,2008-10-24,11:04:18
476,9,40.035405,116.312277,13,2008-10-24,11:04:19
477,9,40.035289,116.312359,12,2008-10-24,11:04:20
478,9,40.035173,116.312439,12,2008-10-24,11:04:21
479,9,40.035058,116.312512,11,2008-10-24,11:04:22
480,9,40.034929,116.312586,11,2008-10-24,11:04:23
481,9,40.034806,116.312659,10,2008-10-24,11:04:24
482,9,40.034681,116.312734,10,2008-10-24,11:04:25
483,9,40.034546,116.312813,9,2008-10-24,11:04:26
484,9,40.034426,116.312886,9,2008-10-24,11:04:27
485,9,40.034308,116.312951,9,2008-10-24,11:04:28
486,9,40.03419,116.313021,8,2008-10-24,11:04:29
487,9,40.034069,116.313087,7,2008-10-24,11:04:30
488,9,40.033954,116.313155,5,2008-10-24,11:04:31
489,9,40.033837,116.313218,4,2008-10-24,11:04:32
490,9,40.033726,116.313275,3,2008-10-24,11:04:33
491,9,40.033618,116.313327,2,2008-10-24,11:04:34
492,9,40.033517,116.313378,1,2008-10-24,11:04:35
493,9,40.033419,116.313426,1,2008-10-24,11:04:36
494,9,40.033325,116.31347,0,2008-10-24,11:04:37
495,9,40.033236,116.313512,0,2008-10-24,11:04:38
496,9,40.033151,116.313544,0,2008-10-24,11:04:39
497,9,40.033061,116.313579,0,2008-10-24,11:04:40
498,9,40.032971,116.313608,0,2008-10-24,11:04:41
499,9,40.032883,116.31364,-1,2008-10-24,11:04:42
500,9,40.032795,116.313676,-2,2008-10-24,11:04:43
501,9,40.032707,116.313712,-2,2008-10-24,11:04:44
502,9,40.032627,116.313742,-2,2008-10-24,11:04:45
503,9,40.032547,116.313778,-3,2008-10-24,11:04:46
504,9,40.032471,116.313806,-3,2008-10-24,11:04:47
505,9,40.032403,116.313829,-3,2008-10-24,11:04:48
506,9,40.032339,116.313853,-3,2008-10-24,11:04:49
507,9,40.032278,116.313881,-3,2008-10-24,11:04:50
508,9,40.032222,116.313907,-3,2008-10-24,11:04:51
509,9,40.032171,116.31393,-4,2008-10-24,11:04:52
510,9,40.032122,116.313953,-4,2008-10-24,11:04:53
511,9,40.032073,116.313974,-5,2008-10-24,11:04:54
512,9,40.032026,116.313993,-6,2008-10-24,11:04:55
513,9,40.031981,116.31401,-6,2008-10-24,11:04:56
514,9,40.031938,116.314025,-7,2008-10-24,11:04:57
515,9,40.031862,116.314053,-9,2008-10-24,11:04:59
516,9,40.0318,116.314069,-11,2008-10-24,11:05:01
517,9,40.031742,116.314075,-13,2008-10-24,11:05:03
518,9,40.031696,116.314065,-16,2008-10-24,11:05:06
519,9,40.03169,116.314022,-17,2008-10-24,11:05:11
520,9,40.03173,116.314001,-19,2008-10-24,11:05:16
521,9,40.031763,116.313985,-20,2008-10-24,11:05:21
522,9,40.03175,116.313965,-17,2008-10-24,11:05:26
523,9,40.031726,116.313988,-14,2008-10-24,11:05:31
524,9,40.031691,116.313973,-11,2008-10-24,11:05:36
525,9,40.031692,116.313992,-7,2008-10-24,11:05:41
526,9,40.031682,116.314003,-7,2008-10-24,11:05:46
527,9,40.031635,116.31403,-4,2008-10-24,11:05:49
528,9,40.031559,116.314036,-3,2008-10-24,11:05:51
529,9,40.031512,116.314036,-3,2008-10-24,11:05:52
530,9,40.031441,116.314036,-3,2008-10-24,11:05:53
531,9,40.031383,116.314035,-2,2008-10-24,11:05:54
532,9,40.031312,116.314034,-2,2008-10-24,11:05:55
533,9,40.031237,116.314034,-2,2008-10-24,11:05:56
534,9,40.031152,116.31404,-2,2008-10-24,11:05:57
535,9,40.031067,116.314041,-2,2008-10-24,11:05:58
536,9,40.030928,116.314044,-1,2008-10-24,11:05:59
537,9,40.030815,116.314058,-1,2008-10-24,11:06:00
538,9,40.030683,116.314067,0,2008-10-24,11:06:01
539,9,40.030548,116.314103,0,2008-10-24,11:06:02
540,9,40.030403,116.314168,0,2008-10-24,11:06:03
541,9,40.030244,116.314233,0,2008-10-24,11:06:04
542,9,40.030064,116.31431,1,2008-10-24,11:06:05
543,9,40.029903,116.314409,2,2008-10-24,11:06:06
544,9,40.029731,116.314485,3,2008-10-24,11:06:07
545,9,40.02956,116.314571,4,2008-10-24,11:06:08
546,9,40.029385,116.31468,5,2008-10-24,11:06:09
547,9,40.029218,116.314793,6,2008-10-24,11:06:10
548,9,40.029047,116.314908,8,2008-10-24,11:06:11
549,9,40.028858,116.315011,8,2008-10-24,11:06:12
550,9,40.028669,116.315108,8,2008-10-24,11:06:13
551,9,40.028471,116.315218,9,2008-10-24,11:06:14
552,9,40.02829,116.315303,8,2008-10-24,11:06:15
553,9,40.028105,116.315394,8,2008-10-24,11:06:16
554,9,40.027919,116.315481,7,2008-10-24,11:06:17
555,9,40.027725,116.315572,8,2008-10-24,11:06:18
556,9,40.027545,116.315651,8,2008-10-24,11:06:19
557,9,40.02737,116.315732,9,2008-10-24,11:06:20
558,9,40.027186,116.315807,10,2008-10-24,11:06:21
559,9,40.026996,116.31589,10,2008-10-24,11:06:22
560,9,40.026818,116.315968,10,2008-10-24,11:06:23
561,9,40.026652,116.316049,11,2008-10-24,11:06:24
562,9,40.026478,116.316128,11,2008-10-24,11:06:25
563,9,40.026309,116.3162,11,2008-10-24,11:06:26
564,9,40.026142,116.316274,11,2008-10-24,11:06:27
565,9,40.025976,116.316348,11,2008-10-24,11:06:28
566,9,40.025809,116.316418,12,2008-10-24,11:06:29
567,9,40.025643,116.316489,12,2008-10-24,11:06:30
568,9,40.025475,116.31656,13,2008-10-24,11:06:31
569,9,40.025303,116.316632,13,2008-10-24,11:06:32
570,9,40.025129,116.316702,13,2008-10-24,11:06:33
571,9,40.024959,116.316771,13,2008-10-24,11:06:34
572,9,40.02479,116.316839,13,2008-10-24,11:06:35
573,9,40.024622,116.316903,14,2008-10-24,11:06:36
574,9,40.024456,116.316967,15,2008-10-24,11:06:37
575,9,40.024298,116.317033,16,2008-10-24,11:06:38
576,9,40.024139,116.317093,16,2008-10-24,11:06:39
577,9,40.023982,116.317154,16,2008-10-24,11:06:40
578,9,40.023834,116.317215,18,2008-10-24,11:06:41
579,9,40.023683,116.317277,17,2008-10-24,11:06:42
580,9,40.023527,116.317339,18,2008-10-24,11:06:43
581,9,40.023368,116.317399,17,2008-10-24,11:06:44
582,9,40.023208,116.317457,17,2008-10-24,11:06:45
583,9,40.02305,116.317517,18,2008-10-24,11:06:46
584,9,40.022894,116.317579,19,2008-10-24,11:06:47
585,9,40.022735,116.317642,19,2008-10-24,11:06:48
586,9,40.022575,116.317704,20,2008-10-24,11:06:49
587,9,40.022415,116.317766,20,2008-10-24,11:06:50
588,9,40.022255,116.317827,20,2008-10-24,11:06:51
589,9,40.022095,116.317888,20,2008-10-24,11:06:52
590,9,40.021937,116.317946,21,2008-10-24,11:06:53
591,9,40.021778,116.318005,23,2008-10-24,11:06:54
592,9,40.02162,116.318067,24,2008-10-24,11:06:55
593,9,40.021462,116.318129,25,2008-10-24,11:06:56
594,9,40.021307,116.318191,26,2008-10-24,11:06:57
595,9,40.021155,116.318254,27,2008-10-24,11:06:58
596,9,40.021002,116.318318,28,2008-10-24,11:06:59
597,9,40.020849,116.318382,29,2008-10-24,11:07:00
598,9,40.020697,116.31845,29,2008-10-24,11:07:01
599,9,40.020538,116.318515,30,2008-10-24,11:07:02
600,9,40.020375,116.318579,32,2008-10-24,11:07:03
601,9,40.020207,116.318641,33,2008-10-24,11:07:04
602,9,40.020042,116.318704,34,2008-10-24,11:07:05
603,9,40.019877,116.318768,35,2008-10-24,11:07:06
604,9,40.019714,116.318831,37,2008-10-24,11:07:07
605,9,40.019551,116.318895,38,2008-10-24,11:07:08
606,9,40.019392,116.318961,40,2008-10-24,11:07:09
607,9,40.01923,116.319026,42,2008-10-24,11:07:10
608,9,40.019072,116.319095,44,2008-10-24,11:07:11
609,9,40.018907,116.319155,47,2008-10-24,11:07:12
610,9,40.018739,116.319212,49,2008-10-24,11:07:13
611,9,40.018577,116.319274,51,2008-10-24,11:07:14
612,9,40.018417,116.319337,53,2008-10-24,11:07:15
613,9,40.018256,116.319402,55,2008-10-24,11:07:16
614,9,40.018105,116.319473,57,2008-10-24,11:07:17
615,9,40.017958,116.31955,60,2008-10-24,11:07:18
616,9,40.017798,116.319636,62,2008-10-24,11:07:19
617,9,40.01765,116.319724,64,2008-10-24,11:07:20
618,9,40.017505,116.319814,66,2008-10-24,11:07:21
619,9,40.017371,116.31991,69,2008-10-24,11:07:22
620,9,40.017232,116.320012,71,2008-10-24,11:07:23
621,9,40.017092,116.320119,72,2008-10-24,11:07:24
622,9,40.016956,116.320227,73,2008-10-24,11:07:25
623,9,40.016826,116.320338,74,2008-10-24,11:07:26
624,9,40.016698,116.32045,74,2008-10-24,11:07:27
625,9,40.016579,116.320573,75,2008-10-24,11:07:28
626,9,40.016453,116.320699,75,2008-10-24,11:07:29
627,9,40.016327,116.320845,75,2008-10-24,11:07:30
628,9,40.016202,116.320999,76,2008-10-24,11:07:31
629,9,40.016074,116.321144,77,2008-10-24,11:07:32
630,9,40.015953,116.321303,77,2008-10-24,11:07:33
631,9,40.015827,116.321451,78,2008-10-24,11:07:34
632,9,40.015699,116.321599,80,2008-10-24,11:07:35
633,9,40.015567,116.321748,82,2008-10-24,11:07:36
634,9,40.015436,116.321898,83,2008-10-24,11:07:37
635,9,40.015306,116.322045,84,2008-10-24,11:07:38
636,9,40.015183,116.322194,84,2008-10-24,11:07:39
637,9,40.015056,116.322337,84,2008-10-24,11:07:40
638,9,40.01493,116.322481,85,2008-10-24,11:07:41
639,9,40.014803,116.32263,85,2008-10-24,11:07:42
640,9,40.01467,116.322776,85,2008-10-24,11:07:43
641,9,40.01454,116.322926,85,2008-10-24,11:07:44
642,9,40.014409,116.32307,85,2008-10-24,11:07:45
643,9,40.014277,116.32322,85,2008-10-24,11:07:46
644,9,40.014145,116.323369,85,2008-10-24,11:07:47
645,9,40.014018,116.323518,84,2008-10-24,11:07:48
646,9,40.013891,116.323667,82,2008-10-24,11:07:49
647,9,40.01376,116.323815,81,2008-10-24,11:07:50
648,9,40.013632,116.323966,81,2008-10-24,11:07:51
649,9,40.013499,116.324108,82,2008-10-24,11:07:52
650,9,40.013372,116.324252,83,2008-10-24,11:07:53
651,9,40.013246,116.324395,82,2008-10-24,11:07:54
652,9,40.013119,116.32454,83,2008-10-24,11:07:55
653,9,40.01299,116.324686,84,2008-10-24,11:07:56
654,9,40.012863,116.324833,84,2008-10-24,11:07:57
655,9,40.012736,116.32498,84,2008-10-24,11:07:58
656,9,40.012609,116.325123,84,2008-10-24,11:07:59
657,9,40.012488,116.325265,84,2008-10-24,11:08:00
658,9,40.012366,116.325402,86,2008-10-24,11:08:01
659,9,40.012239,116.325542,87,2008-10-24,11:08:02
660,9,40.012119,116.325682,88,2008-10-24,11:08:03
661,9,40.011992,116.325825,89,2008-10-24,11:08:04
662,9,40.011869,116.325967,90,2008-10-24,11:08:05
663,9,40.011748,116.326105,92,2008-10-24,11:08:06
664,9,40.011627,116.326245,93,2008-10-24,11:08:07
665,9,40.011505,116.326386,94,2008-10-24,11:08:08
666,9,40.011382,116.326528,96,2008-10-24,11:08:09
667,9,40.011256,116.326674,97,2008-10-24,11:08:10
668,9,40.01113,116.326817,98,2008-10-24,11:08:11
669,9,40.011006,116.326961,98,2008-10-24,11:08:12
670,9,40.010883,116.327104,98,2008-10-24,11:08:13
671,9,40.01076,116.327244,98,2008-10-24,11:08:14
672,9,40.010639,116.327387,99,2008-10-24,11:08:15
673,9,40.010514,116.327524,99,2008-10-24,11:08:16
674,9,40.010386,116.327662,101,2008-10-24,11:08:17
675,9,40.010267,116.32781,99,2008-10-24,11:08:18
676,9,40.01014,116.327948,99,2008-10-24,11:08:19
677,9,40.010018,116.328085,99,2008-10-24,11:08:20
678,9,40.009894,116.328221,99,2008-10-24,11:08:21
679,9,40.00977,116.328358,99,2008-10-24,11:08:22
680,9,40.009646,116.328492,100,2008-10-24,11:08:23
681,9,40.009525,116.328628,101,2008-10-24,11:08:24
682,9,40.00941,116.328765,102,2008-10-24,11:08:25
683,9,40.009269,116.328883,106,2008-10-24,11:08:26
684,9,40.009143,116.329015,108,2008-10-24,11:08:27
685,9,40.009023,116.329147,110,2008-10-24,11:08:28
686,9,40.008903,116.329279,112,2008-10-24,11:08:29
687,9,40.008777,116.329407,112,2008-10-24,11:08:30
688,9,40.008658,116.329529,113,2008-10-24,11:08:31
689,9,40.008541,116.329652,114,2008-10-24,11:08:32
690,9,40.008418,116.32977,116,2008-10-24,11:08:33
691,9,40.008296,116.329881,118,2008-10-24,11:08:34
692,9,40.008178,116.329985,120,2008-10-24,11:08:35
693,9,40.008054,116.330088,121,2008-10-24,11:08:36
694,9,40.007928,116.330183,124,2008-10-24,11:08:37
695,9,40.007799,116.330272,124,2008-10-24,11:08:38
696,9,40.007666,116.330363,124,2008-10-24,11:08:39
697,9,40.007528,116.330454,124,2008-10-24,11:08:40
698,9,40.007386,116.330539,124,2008-10-24,11:08:41
699,9,40.007245,116.330616,124,2008-10-24,11:08:42
700,9,40.007111,116.330673,124,2008-10-24,11:08:43
701,9,40.006969,116.330738,124,2008-10-24,11:08:44
702,9,40.006826,116.330797,123,2008-10-24,11:08:45
703,9,40.006685,116.330853,123,2008-10-24,11:08:46
704,9,40.006547,116.330904,120,2008-10-24,11:08:47
705,9,40.006411,116.330951,119,2008-10-24,11:08:48
706,9,40.006274,116.330995,118,2008-10-24,11:08:49
707,9,40.006133,116.33103,118,2008-10-24,11:08:50
708,9,40.00599,116.331065,117,2008-10-24,11:08:51
709,9,40.005848,116.331098,117,2008-10-24,11:08:52
710,9,40.005713,116.331123,118,2008-10-24,11:08:53
711,9,40.005576,116.331149,118,2008-10-24,11:08:54
712,9,40.005437,116.33117,118,2008-10-24,11:08:55
713,9,40.005294,116.331184,119,2008-10-24,11:08:56
714,9,40.005146,116.331189,120,2008-10-24,11:08:57
715,9,40.005002,116.331193,122,2008-10-24,11:08:58
716,9,40.004861,116.331194,124,2008-10-24,11:08:59
717,9,40.004715,116.331193,126,2008-10-24,11:09:00
718,9,40.004563,116.331196,127,2008-10-24,11:09:01
719,9,40.004407,116.331198,128,2008-10-24,11:09:02
720,9,40.004244,116.331198,129,2008-10-24,11:09:03
721,9,40.004072,116.331194,130,2008-10-24,11:09:04
722,9,40.003901,116.33119,129,2008-10-24,11:09:05
723,9,40.003725,116.331189,130,2008-10-24,11:09:06
724,9,40.003547,116.331192,131,2008-10-24,11:09:07
725,9,40.003373,116.331195,131,2008-10-24,11:09:08
726,9,40.003201,116.331192,130,2008-10-24,11:09:09
727,9,40.003032,116.331196,130,2008-10-24,11:09:10
728,9,40.002868,116.331203,131,2008-10-24,11:09:11
729,9,40.002708,116.331208,131,2008-10-24,11:09:12
730,9,40.002551,116.331212,130,2008-10-24,11:09:13
731,9,40.002391,116.331217,130,2008-10-24,11:09:14
732,9,40.002234,116.331217,129,2008-10-24,11:09:15
733,9,40.002079,116.331214,129,2008-10-24,11:09:16
734,9,40.001925,116.331218,130,2008-10-24,11:09:17
735,9,40.001773,116.331223,129,2008-10-24,11:09:18
736,9,40.001618,116.33123,129,2008-10-24,11:09:19
737,9,40.001462,116.331238,130,2008-10-24,11:09:20
738,9,40.001307,116.331244,130,2008-10-24,11:09:21
739,9,40.001149,116.331252,131,2008-10-24,11:09:22
740,9,40.000994,116.331257,132,2008-10-24,11:09:23
741,9,40.000839,116.331264,133,2008-10-24,11:09:24
742,9,40.000682,116.331269,133,2008-10-24,11:09:25
743,9,40.000522,116.331277,134,2008-10-24,11:09:26
744,9,40.000359,116.331288,135,2008-10-24,11:09:27
745,9,40.000189,116.331297,136,2008-10-24,11:09:28
746,9,40.000019,116.331306,138,2008-10-24,11:09:29
747,9,39.999844,116.331312,138,2008-10-24,11:09:30
748,9,39.999671,116.331319,139,2008-10-24,11:09:31
749,9,39.999498,116.331327,139,2008-10-24,11:09:32
750,9,39.999322,116.331335,139,2008-10-24,11:09:33
751,9,39.999145,116.331341,140,2008-10-24,11:09:34
752,9,39.998969,116.331347,139,2008-10-24,11:09:35
753,9,39.998798,116.331352,139,2008-10-24,11:09:36
754,9,39.998629,116.331358,137,2008-10-24,11:09:37
755,9,39.998456,116.331362,136,2008-10-24,11:09:38
756,9,39.998282,116.331369,134,2008-10-24,11:09:39
757,9,39.998107,116.331377,133,2008-10-24,11:09:40
758,9,39.997932,116.331383,131,2008-10-24,11:09:41
759,9,39.997756,116.33139,131,2008-10-24,11:09:42
760,9,39.997584,116.331399,131,2008-10-24,11:09:43
761,9,39.997413,116.331403,131,2008-10-24,11:09:44
762,9,39.997244,116.331406,132,2008-10-24,11:09:45
763,9,39.997075,116.331408,132,2008-10-24,11:09:46
764,9,39.996908,116.331412,133,2008-10-24,11:09:47
765,9,39.99674,116.331417,132,2008-10-24,11:09:48
766,9,39.996574,116.331427,131,2008-10-24,11:09:49
767,9,39.99641,116.331438,130,2008-10-24,11:09:50
768,9,39.996241,116.331448,129,2008-10-24,11:09:51
769,9,39.99607,116.331457,130,2008-10-24,11:09:52
770,9,39.995904,116.331461,128,2008-10-24,11:09:53
771,9,39.995741,116.331465,127,2008-10-24,11:09:54
772,9,39.995579,116.331472,127,2008-10-24,11:09:55
773,9,39.995417,116.331476,127,2008-10-24,11:09:56
774,9,39.995254,116.331481,127,2008-10-24,11:09:57
775,9,39.995094,116.331487,127,2008-10-24,11:09:58
776,9,39.994932,116.331491,127,2008-10-24,11:09:59
777,9,39.994773,116.3315,128,2008-10-24,11:10:00
778,9,39.994611,116.331508,128,2008-10-24,11:10:01
779,9,39.994449,116.331517,128,2008-10-24,11:10:02
780,9,39.99429,116.331526,127,2008-10-24,11:10:03
781,9,39.994137,116.331533,125,2008-10-24,11:10:04
782,9,39.993991,116.331534,124,2008-10-24,11:10:05
783,9,39.993849,116.331536,124,2008-10-24,11:10:06
784,9,39.993714,116.331538,124,2008-10-24,11:10:07
785,9,39.99358,116.331541,124,2008-10-24,11:10:08
786,9,39.99345,116.331542,124,2008-10-24,11:10:09
787,9,39.993325,116.33154,124,2008-10-24,11:10:10
788,9,39.99321,116.331535,124,2008-10-24,11:10:11
789,9,39.993102,116.331539,124,2008-10-24,11:10:12
790,9,39.993007,116.33154,123,2008-10-24,11:10:13
791,9,39.992916,116.331546,122,2008-10-24,11:10:14
792,9,39.992825,116.331551,120,2008-10-24,11:10:15
793,9,39.992739,116.331553,119,2008-10-24,11:10:16
794,9,39.992659,116.331554,118,2008-10-24,11:10:17
795,9,39.992578,116.331555,117,2008-10-24,11:10:18
796,9,39.992498,116.331561,118,2008-10-24,11:10:19
797,9,39.992425,116.33157,122,2008-10-24,11:10:20
798,9,39.992362,116.331584,125,2008-10-24,11:10:21
799,9,39.992294,116.331589,128,2008-10-24,11:10:22
800,9,39.992226,116.331591,129,2008-10-24,11:10:23
801,9,39.992163,116.331589,130,2008-10-24,11:10:24
802,9,39.9921,116.331591,130,2008-10-24,11:10:25
803,9,39.992039,116.331595,130,2008-10-24,11:10:26
804,9,39.991981,116.3316,130,2008-10-24,11:10:27
805,9,39.991927,116.331604,130,2008-10-24,11:10:28
806,9,39.991882,116.33161,131,2008-10-24,11:10:29
807,9,39.991818,116.331625,135,2008-10-24,11:10:31
808,9,39.99176,116.331628,136,2008-10-24,11:10:33
809,9,39.991736,116.331628,127,2008-10-24,11:10:38
810,9,39.991746,116.33162,130,2008-10-24,11:10:43
811,9,39.991746,116.331616,131,2008-10-24,11:10:48
812,9,39.991745,116.331612,132,2008-10-24,11:10:53
813,9,39.991745,116.331612,132,2008-10-24,11:10:56
814,9,39.99174,116.331611,133,2008-10-24,11:10:58
815,9,39.991762,116.331595,134,2008-10-24,11:11:03
816,9,39.991769,116.331595,134,2008-10-24,11:11:08
817,9,39.991763,116.3316,134,2008-10-24,11:11:13
818,9,39.991763,116.3316,134,2008-10-24,11:11:16
819,9,39.991771,116.331595,134,2008-10-24,11:11:18
820,9,39.991786,116.331587,135,2008-10-24,11:11:23
821,9,39.991805,116.331581,135,2008-10-24,11:11:28
822,9,39.99183,116.331568,135,2008-10-24,11:11:33
823,9,39.991854,116.331566,136,2008-10-24,11:11:38
824,9,39.991879,116.331575,136,2008-10-24,11:11:43
825,9,39.991907,116.331582,137,2008-10-24,11:11:48
826,9,39.991938,116.331576,137,2008-10-24,11:11:53
827,9,39.991974,116.33156,137,2008-10-24,11:11:58
828,9,39.992027,116.331555,138,2008-10-24,11:12:03
829,9,39.992082,116.331578,138,2008-10-24,11:12:07
830,9,39.992118,116.331617,139,2008-10-24,11:12:10
831,9,39.992092,116.331669,139,2008-10-24,11:12:13
832,9,39.992037,116.331696,140,2008-10-24,11:12:17
833,9,39.991965,116.331673,139,2008-10-24,11:12:19
834,9,39.991891,116.331636,137,2008-10-24,11:12:22
835,9,39.991837,116.33156,138,2008-10-24,11:12:24
836,9,39.991768,116.331533,142,2008-10-24,11:12:26
837,9,39.991727,116.331514,146,2008-10-24,11:12:28
838,9,39.991718,116.331405,144,2008-10-24,11:12:30
839,9,39.991737,116.331338,139,2008-10-24,11:12:33
840,9,39.991735,116.331278,140,2008-10-24,11:12:36
841,9,39.991749,116.331215,139,2008-10-24,11:12:40
842,9,39.991762,116.331154,136,2008-10-24,11:12:44
843,9,39.991764,116.331082,133,2008-10-24,11:12:48
844,9,39.991749,116.331026,131,2008-10-24,11:12:52
845,9,39.991735,116.330955,130,2008-10-24,11:12:56
846,9,39.991776,116.330916,130,2008-10-24,11:13:00
847,9,39.991822,116.330924,122,2008-10-24,11:13:04
848,9,39.991854,116.330944,125,2008-10-24,11:13:09
849,9,39.991913,116.330957,127,2008-10-24,11:13:13
850,9,39.991936,116.330969,125,2008-10-24,11:13:18
851,9,39.991982,116.330992,124,2008-10-24,11:13:23
852,9,39.992025,116.330993,121,2008-10-24,11:13:28
853,9,39.992059,116.331011,118,2008-10-24,11:13:33
854,9,39.992062,116.331019,118,2008-10-24,11:13:38
855,9,39.992061,116.33102,118,2008-10-24,11:13:43
856,9,39.992066,116.331016,117,2008-10-24,11:13:48
857,9,39.992063,116.331018,118,2008-10-24,11:13:53
858,9,39.992063,116.331018,118,2008-10-24,11:13:56
859,9,39.992063,116.331018,118,2008-10-24,11:13:58
860,9,39.992073,116.331009,121,2008-10-24,11:14:03
861,9,39.992123,116.330998,121,2008-10-24,11:14:08
862,9,39.992186,116.331005,120,2008-10-24,11:14:12
863,9,39.992237,116.331007,124,2008-10-24,11:14:14
864,9,39.992289,116.331014,125,2008-10-24,11:14:16
865,9,39.992346,116.331037,126,2008-10-24,11:14:18
866,9,39.992401,116.331049,132,2008-10-24,11:14:20
867,9,39.992453,116.331076,134,2008-10-24,11:14:22
868,9,39.99251,116.33108,137,2008-10-24,11:14:24
869,9,39.992579,116.331093,137,2008-10-24,11:14:26
870,9,39.992645,116.331122,138,2008-10-24,11:14:28
871,9,39.992714,116.331157,142,2008-10-24,11:14:30
872,9,39.992791,116.331168,144,2008-10-24,11:14:32
873,9,39.992864,116.331178,146,2008-10-24,11:14:34
874,9,39.992942,116.331197,143,2008-10-24,11:14:36
875,9,39.99302,116.331221,141,2008-10-24,11:14:38
876,9,39.993099,116.331254,139,2008-10-24,11:14:40
877,9,39.993182,116.331273,135,2008-10-24,11:14:42
878,9,39.993227,116.331285,133,2008-10-24,11:14:43
879,9,39.993314,116.331303,135,2008-10-24,11:14:45
880,9,39.993393,116.331313,135,2008-10-24,11:14:47
881,9,39.993477,116.331326,137,2008-10-24,11:14:49
882,9,39.993558,116.331333,134,2008-10-24,11:14:51
883,9,39.993637,116.33134,136,2008-10-24,11:14:53
884,9,39.993723,116.331338,133,2008-10-24,11:14:55
885,9,39.993768,116.331332,132,2008-10-24,11:14:56
886,9,39.993813,116.331327,130,2008-10-24,11:14:57
887,9,39.993894,116.33133,129,2008-10-24,11:14:59
888,9,39.993976,116.331333,135,2008-10-24,11:15:01
889,9,39.994021,116.331321,131,2008-10-24,11:15:02
890,9,39.994106,116.33131,138,2008-10-24,11:15:04
891,9,39.994152,116.331304,138,2008-10-24,11:15:05
892,9,39.994235,116.331307,142,2008-10-24,11:15:07
893,9,39.994317,116.331313,146,2008-10-24,11:15:09
894,9,39.994363,116.331314,146,2008-10-24,11:15:10
895,9,39.99445,116.331308,148,2008-10-24,11:15:12
896,9,39.994537,116.331301,151,2008-10-24,11:15:14
897,9,39.994627,116.331298,152,2008-10-24,11:15:16
898,9,39.994675,116.331294,153,2008-10-24,11:15:17
899,9,39.994723,116.331284,154,2008-10-24,11:15:18
900,9,39.994809,116.331268,157,2008-10-24,11:15:20
901,9,39.994855,116.331261,158,2008-10-24,11:15:21
902,9,39.994901,116.331264,157,2008-10-24,11:15:22
903,9,39.994953,116.331269,158,2008-10-24,11:15:23
904,9,39.995007,116.331281,159,2008-10-24,11:15:24
905,9,39.995058,116.331272,156,2008-10-24,11:15:25
906,9,39.995108,116.331267,158,2008-10-24,11:15:26
907,9,39.99516,116.331265,159,2008-10-24,11:15:27
908,9,39.995214,116.331263,157,2008-10-24,11:15:28
909,9,39.995264,116.331269,162,2008-10-24,11:15:29
910,9,39.995323,116.331265,161,2008-10-24,11:15:30
911,9,39.995382,116.331254,157,2008-10-24,11:15:31
912,9,39.995436,116.331255,155,2008-10-24,11:15:32
913,9,39.995485,116.331253,156,2008-10-24,11:15:33
914,9,39.995536,116.331252,157,2008-10-24,11:15:34
915,9,39.995585,116.331256,163,2008-10-24,11:15:35
916,9,39.995636,116.331261,162,2008-10-24,11:15:36
917,9,39.995691,116.331259,159,2008-10-24,11:15:37
918,9,39.995745,116.331258,156,2008-10-24,11:15:38
919,9,39.995795,116.331259,158,2008-10-24,11:15:39
920,9,39.995848,116.331253,158,2008-10-24,11:15:40
921,9,39.9959,116.331251,159,2008-10-24,11:15:41
922,9,39.995952,116.331251,158,2008-10-24,11:15:42
923,9,39.996003,116.331249,162,2008-10-24,11:15:43
924,9,39.996059,116.331242,161,2008-10-24,11:15:44
925,9,39.996117,116.33124,161,2008-10-24,11:15:45
926,9,39.996175,116.331242,160,2008-10-24,11:15:46
927,9,39.996227,116.331236,158,2008-10-24,11:15:47
928,9,39.996272,116.331227,160,2008-10-24,11:15:48
929,9,39.996319,116.33122,159,2008-10-24,11:15:49
930,9,39.996405,116.331213,164,2008-10-24,11:15:51
931,9,39.99645,116.331212,162,2008-10-24,11:15:52
932,9,39.996538,116.331206,163,2008-10-24,11:15:54
933,9,39.996585,116.331194,164,2008-10-24,11:15:55
934,9,39.99663,116.331184,165,2008-10-24,11:15:56
935,9,39.996718,116.33117,167,2008-10-24,11:15:58
936,9,39.996763,116.331166,167,2008-10-24,11:15:59
937,9,39.996846,116.331172,167,2008-10-24,11:16:01
938,9,39.996929,116.331165,165,2008-10-24,11:16:03
939,9,39.99701,116.331167,162,2008-10-24,11:16:05
940,9,39.997091,116.331168,161,2008-10-24,11:16:07
941,9,39.997162,116.331171,165,2008-10-24,11:16:09
942,9,39.997224,116.331165,179,2008-10-24,11:16:11
943,9,39.997296,116.331149,182,2008-10-24,11:16:13
944,9,39.997369,116.331148,181,2008-10-24,11:16:15
945,9,39.997432,116.331133,179,2008-10-24,11:16:17
946,9,39.997491,116.331128,172,2008-10-24,11:16:19
947,9,39.997541,116.331144,169,2008-10-24,11:16:21
948,9,39.997586,116.331176,167,2008-10-24,11:16:23
949,9,39.997625,116.331212,167,2008-10-24,11:16:25
950,9,39.997666,116.331256,168,2008-10-24,11:16:27
951,9,39.997718,116.331303,165,2008-10-24,11:16:29
952,9,39.997763,116.331326,165,2008-10-24,11:16:31
953,9,39.997817,116.331338,162,2008-10-24,11:16:33
954,9,39.997905,116.33137,149,2008-10-24,11:16:35
955,9,39.997963,116.331404,140,2008-10-24,11:16:37
956,9,39.998003,116.331438,131,2008-10-24,11:16:39
957,9,39.998045,116.331463,127,2008-10-24,11:16:41
958,9,39.998092,116.33148,125,2008-10-24,11:16:43
959,9,39.998148,116.331517,119,2008-10-24,11:16:45
960,9,39.998187,116.331569,114,2008-10-24,11:16:48
961,9,39.998254,116.331589,111,2008-10-24,11:16:51
962,9,39.998302,116.331608,112,2008-10-24,11:16:54
963,9,39.998354,116.331649,112,2008-10-24,11:16:57
964,9,39.9984,116.331673,109,2008-10-24,11:16:59
965,9,39.998458,116.33171,110,2008-10-24,11:17:02
966,9,39.998505,116.331738,113,2008-10-24,11:17:04
967,9,39.998553,116.33176,114,2008-10-24,11:17:06
968,9,39.998601,116.331778,116,2008-10-24,11:17:08
969,9,39.998656,116.331797,115,2008-10-24,11:17:10
970,9,39.998711,116.331819,115,2008-10-24,11:17:12
971,9,39.998755,116.331847,116,2008-10-24,11:17:14
972,9,39.9988,116.331875,113,2008-10-24,11:17:16
973,9,39.998851,116.331893,113,2008-10-24,11:17:18
974,9,39.998898,116.331908,111,2008-10-24,11:17:20
975,9,39.99894,116.331929,113,2008-10-24,11:17:22
976,9,39.999005,116.331959,111,2008-10-24,11:17:25
977,9,39.99905,116.331987,108,2008-10-24,11:17:27
978,9,39.99909,116.33203,109,2008-10-24,11:17:29
979,9,39.999114,116.33208,109,2008-10-24,11:17:31
980,9,39.999142,116.332143,105,2008-10-24,11:17:33
981,9,39.999155,116.332217,100,2008-10-24,11:17:35
982,9,39.999159,116.332291,100,2008-10-24,11:17:37
983,9,39.999153,116.332377,104,2008-10-24,11:17:39
984,9,39.999156,116.332464,107,2008-10-24,11:17:41
985,9,39.999177,116.332558,106,2008-10-24,11:17:43
986,9,39.999186,116.33265,107,2008-10-24,11:17:45
987,9,39.999182,116.332733,108,2008-10-24,11:17:47
988,9,39.999185,116.332815,109,2008-10-24,11:17:49
989,9,39.999185,116.332893,105,2008-10-24,11:17:51
990,9,39.999182,116.332973,101,2008-10-24,11:17:53
991,9,39.999176,116.333048,100,2008-10-24,11:17:55
992,9,39.999175,116.333131,99,2008-10-24,11:17:57
993,9,39.999177,116.333208,98,2008-10-24,11:17:59
994,9,39.999185,116.333292,98,2008-10-24,11:18:01
995,9,39.999191,116.333373,100,2008-10-24,11:18:03
996,9,39.999206,116.333445,103,2008-10-24,11:18:05
997,9,39.99921,116.333528,103,2008-10-24,11:18:08
998,9,39.999208,116.333602,103,2008-10-24,11:18:12
999,9,39.999203,116.333615,104,2008-10-24,11:18:17
1000,9,39.999212,116.333661,103,2008-10-24,11:18:22
1001,9,39.999212,116.333724,102,2008-10-24,11:18:25
1002,9,39.99922,116.333806,100,2008-10-24,11:18:28
1003,9,39.999208,116.333873,99,2008-10-24,11:18:30
1004,9,39.999195,116.333938,99,2008-10-24,11:18:32
1005,9,39.999186,116.334017,99,2008-10-24,11:18:34
1006,9,39.999184,116.33411,100,2008-10-24,11:18:36
1007,9,39.999194,116.334186,100,2008-10-24,11:18:38
1008,9,39.99919,116.334277,101,2008-10-24,11:18:40
1009,9,39.999191,116.334363,102,2008-10-24,11:18:42
1010,9,39.999191,116.334459,102,2008-10-24,11:18:44
1011,9,39.999208,116.334551,105,2008-10-24,11:18:46
1012,9,39.999216,116.334648,107,2008-10-24,11:18:48
1013,9,39.999231,116.334752,111,2008-10-24,11:18:50
1014,9,39.999237,116.33485,109,2008-10-24,11:18:52
1015,9,39.999242,116.334953,109,2008-10-24,11:18:54
1016,9,39.99924,116.335055,109,2008-10-24,11:18:56
1017,9,39.999239,116.33515,110,2008-10-24,11:18:58
1018,9,39.999239,116.335244,110,2008-10-24,11:19:00
1019,9,39.999231,116.335337,109,2008-10-24,11:19:02
1020,9,39.999231,116.33544,109,2008-10-24,11:19:04
1021,9,39.999233,116.335536,109,2008-10-24,11:19:06
1022,9,39.999231,116.335644,110,2008-10-24,11:19:08
1023,9,39.999227,116.335748,111,2008-10-24,11:19:10
1024,9,39.999228,116.335848,114,2008-10-24,11:19:12
1025,9,39.999232,116.335947,117,2008-10-24,11:19:14
1026,9,39.999242,116.33605,113,2008-10-24,11:19:16
1027,9,39.999246,116.336162,110,2008-10-24,11:19:18
1028,9,39.999255,116.336263,110,2008-10-24,11:19:20
1029,9,39.999269,116.336363,111,2008-10-24,11:19:22
1030,9,39.999272,116.33646,108,2008-10-24,11:19:24
1031,9,39.999263,116.336553,106,2008-10-24,11:19:26
1032,9,39.999262,116.336656,105,2008-10-24,11:19:28
1033,9,39.999259,116.336757,102,2008-10-24,11:19:30
1034,9,39.999261,116.336858,99,2008-10-24,11:19:32
1035,9,39.999265,116.336952,97,2008-10-24,11:19:34
1036,9,39.999273,116.337041,95,2008-10-24,11:19:36
1037,9,39.999274,116.337102,100,2008-10-24,11:19:37
1038,9,39.999277,116.337196,96,2008-10-24,11:19:39
1039,9,39.999262,116.337291,95,2008-10-24,11:19:41
1040,9,39.999259,116.337385,94,2008-10-24,11:19:43
1041,9,39.999259,116.337466,95,2008-10-24,11:19:45
1042,9,39.999272,116.337536,95,2008-10-24,11:19:47
1043,9,39.999274,116.3376,99,2008-10-24,11:19:49
1044,9,39.999289,116.337668,100,2008-10-24,11:19:51
1045,9,39.999294,116.337749,100,2008-10-24,11:19:53
1046,9,39.99928,116.337829,99,2008-10-24,11:19:55
1047,9,39.99927,116.337914,102,2008-10-24,11:19:57
1048,9,39.999272,116.337984,102,2008-10-24,11:19:59
1049,9,39.999285,116.338067,100,2008-10-24,11:20:01
1050,9,39.999298,116.338169,99,2008-10-24,11:20:03
1051,9,39.99931,116.338275,96,2008-10-24,11:20:05
1052,9,39.999316,116.338372,94,2008-10-24,11:20:07
1053,9,39.999306,116.338473,93,2008-10-24,11:20:09
1054,9,39.999303,116.338535,92,2008-10-24,11:20:10
1055,9,39.999304,116.338639,89,2008-10-24,11:20:12
1056,9,39.999315,116.338749,86,2008-10-24,11:20:14
1057,9,39.999323,116.33886,94,2008-10-24,11:20:16
1058,9,39.999324,116.338919,93,2008-10-24,11:20:17
1059,9,39.99933,116.339034,94,2008-10-24,11:20:19
1060,9,39.999334,116.339147,95,2008-10-24,11:20:21
1061,9,39.999334,116.339208,93,2008-10-24,11:20:22
1062,9,39.999346,116.339321,96,2008-10-24,11:20:24
1063,9,39.999351,116.339429,95,2008-10-24,11:20:26
1064,9,39.999352,116.339491,92,2008-10-24,11:20:27
1065,9,39.999353,116.339606,94,2008-10-24,11:20:29
1066,9,39.999355,116.339667,94,2008-10-24,11:20:30
1067,9,39.999354,116.339736,95,2008-10-24,11:20:31
1068,9,39.999353,116.339801,95,2008-10-24,11:20:32
1069,9,39.999354,116.339866,93,2008-10-24,11:20:33
1070,9,39.999349,116.339934,96,2008-10-24,11:20:34
1071,9,39.999345,116.340005,98,2008-10-24,11:20:35
1072,9,39.99935,116.340068,99,2008-10-24,11:20:36
1073,9,39.999352,116.340135,101,2008-10-24,11:20:37
1074,9,39.999357,116.340207,102,2008-10-24,11:20:38
1075,9,39.999371,116.340282,101,2008-10-24,11:20:39
1076,9,39.99938,116.34036,102,2008-10-24,11:20:40
1077,9,39.999379,116.340439,102,2008-10-24,11:20:41
1078,9,39.999384,116.340514,99,2008-10-24,11:20:42
1079,9,39.999387,116.340593,101,2008-10-24,11:20:43
1080,9,39.999387,116.340665,103,2008-10-24,11:20:44
1081,9,39.999389,116.340739,103,2008-10-24,11:20:45
1082,9,39.999389,116.340812,104,2008-10-24,11:20:46
1083,9,39.999393,116.340883,103,2008-10-24,11:20:47
1084,9,39.999392,116.340955,105,2008-10-24,11:20:48
1085,9,39.999392,116.341027,105,2008-10-24,11:20:49
1086,9,39.999388,116.341101,107,2008-10-24,11:20:50
1087,9,39.999388,116.341173,108,2008-10-24,11:20:51
1088,9,39.999387,116.341242,109,2008-10-24,11:20:52
1089,9,39.999392,116.341311,110,2008-10-24,11:20:53
1090,9,39.999395,116.341371,110,2008-10-24,11:20:54
1091,9,39.999402,116.341479,107,2008-10-24,11:20:56
1092,9,39.999414,116.34159,107,2008-10-24,11:20:58
1093,9,39.999422,116.341663,107,2008-10-24,11:20:59
1094,9,39.999423,116.341725,108,2008-10-24,11:21:00
1095,9,39.999421,116.341785,111,2008-10-24,11:21:01
1096,9,39.999423,116.341896,113,2008-10-24,11:21:03
1097,9,39.999433,116.342006,114,2008-10-24,11:21:05
1098,9,39.999424,116.342118,112,2008-10-24,11:21:07
1099,9,39.999423,116.342184,111,2008-10-24,11:21:08
1100,9,39.999426,116.342295,111,2008-10-24,11:21:10
1101,9,39.999433,116.342391,113,2008-10-24,11:21:12
1102,9,39.999433,116.342475,113,2008-10-24,11:21:14
1103,9,39.999428,116.342561,115,2008-10-24,11:21:16
1104,9,39.999455,116.342637,118,2008-10-24,11:21:18
1105,9,39.999542,116.342677,121,2008-10-24,11:21:20
1106,9,39.999624,116.342692,126,2008-10-24,11:21:22
1107,9,39.999698,116.342727,125,2008-10-24,11:21:24
1108,9,39.999764,116.342756,123,2008-10-24,11:21:26
1109,9,39.999815,116.342781,122,2008-10-24,11:21:29
1110,9,39.999873,116.342793,123,2008-10-24,11:21:32
1111,9,39.999922,116.342789,128,2008-10-24,11:21:34
1112,9,39.999984,116.342785,131,2008-10-24,11:21:36
1113,9,40.00006,116.342771,130,2008-10-24,11:21:38
1114,9,40.000142,116.342763,132,2008-10-24,11:21:40
1115,9,40.000225,116.342757,134,2008-10-24,11:21:42
1116,9,40.000271,116.342748,131,2008-10-24,11:21:43
1117,9,40.000353,116.342744,134,2008-10-24,11:21:45
1118,9,40.00043,116.342739,141,2008-10-24,11:21:47
1119,9,40.000504,116.342734,142,2008-10-24,11:21:49
1120,9,40.000574,116.342729,140,2008-10-24,11:21:51
1121,9,40.000634,116.342727,141,2008-10-24,11:21:53
1122,9,40.000695,116.342725,137,2008-10-24,11:21:55
1123,9,40.000763,116.342723,134,2008-10-24,11:21:57
1124,9,40.000831,116.342725,135,2008-10-24,11:21:59
1125,9,40.000903,116.342725,137,2008-10-24,11:22:01
1126,9,40.000969,116.342721,138,2008-10-24,11:22:03
1127,9,40.00102,116.342718,138,2008-10-24,11:22:05
1128,9,40.001065,116.342713,139,2008-10-24,11:22:08
1129,9,40.001118,116.342713,134,2008-10-24,11:22:11
1130,9,40.001167,116.342718,134,2008-10-24,11:22:13
1131,9,40.001213,116.342752,128,2008-10-24,11:22:15
1132,9,40.001252,116.342816,125,2008-10-24,11:22:17
1133,9,40.001281,116.342874,123,2008-10-24,11:22:19
1134,9,40.001327,116.342914,122,2008-10-24,11:22:21
1135,9,40.001386,116.342915,122,2008-10-24,11:22:23
1136,9,40.001453,116.342913,125,2008-10-24,11:22:25
1137,9,40.001517,116.342915,126,2008-10-24,11:22:27
1138,9,40.001572,116.342908,126,2008-10-24,11:22:29
1139,9,40.001625,116.342908,127,2008-10-24,11:22:31
1140,9,40.00167,116.342925,131,2008-10-24,11:22:35
1141,9,40.00167,116.342925,131,2008-10-24,11:22:38
1142,9,40.001663,116.342928,136,2008-10-24,11:22:40
1143,9,40.001651,116.342925,137,2008-10-24,11:22:45
1144,9,40.001649,116.342925,138,2008-10-24,11:22:50
1145,9,40.001654,116.342926,138,2008-10-24,11:22:55
1146,9,40.001649,116.342925,138,2008-10-24,11:23:00
1147,9,40.001646,116.342925,138,2008-10-24,11:23:05
1148,9,40.001651,116.342926,138,2008-10-24,11:23:10
1149,9,40.001651,116.342926,138,2008-10-24,11:23:13
1150,9,40.001657,116.342927,137,2008-10-24,11:23:15
1151,9,40.001656,116.342904,135,2008-10-24,11:23:20
1152,9,40.001659,116.342869,136,2008-10-24,11:23:25
1153,9,40.001694,116.342844,137,2008-10-24,11:23:30
1154,9,40.00171,116.342819,139,2008-10-24,11:23:35
1155,9,40.001709,116.342792,140,2008-10-24,11:23:40
1156,9,40.001943,116.342901,118,2008-10-24,11:38:46
1157,9,40.002003,116.3429,120,2008-10-24,11:38:48
1158,9,40.002059,116.342895,120,2008-10-24,11:38:50
1159,9,40.00212,116.342891,122,2008-10-24,11:38:52
1160,9,40.00218,116.342886,123,2008-10-24,11:38:54
1161,9,40.002245,116.342877,129,2008-10-24,11:38:56
1162,9,40.002299,116.34288,131,2008-10-24,11:38:58
1163,9,40.002358,116.342888,132,2008-10-24,11:39:00
1164,9,40.002414,116.342898,135,2008-10-24,11:39:02
1165,9,40.002459,116.342895,139,2008-10-24,11:39:04
1166,9,40.002525,116.342891,140,2008-10-24,11:39:07
1167,9,40.002571,116.34288,141,2008-10-24,11:39:09
1168,9,40.002627,116.342879,140,2008-10-24,11:39:11
1169,9,40.002686,116.342856,138,2008-10-24,11:39:13
1170,9,40.002746,116.342843,140,2008-10-24,11:39:15
1171,9,40.002802,116.342834,144,2008-10-24,11:39:17
1172,9,40.002854,116.34283,149,2008-10-24,11:39:19
1173,9,40.002904,116.342844,157,2008-10-24,11:39:21
1174,9,40.002954,116.34284,164,2008-10-24,11:39:23
1175,9,40.003001,116.342835,166,2008-10-24,11:39:25
1176,9,40.003063,116.342827,162,2008-10-24,11:39:27
1177,9,40.003121,116.342813,159,2008-10-24,11:39:29
1178,9,40.003179,116.342807,159,2008-10-24,11:39:31
1179,9,40.003236,116.342799,160,2008-10-24,11:39:33
1180,9,40.00329,116.342822,157,2008-10-24,11:39:35
1181,9,40.00335,116.342846,154,2008-10-24,11:39:37
1182,9,40.00339,116.342892,158,2008-10-24,11:39:39
1183,9,40.003409,116.342949,158,2008-10-24,11:39:41
1184,9,40.003407,116.34301,159,2008-10-24,11:39:43
1185,9,40.003403,116.343071,154,2008-10-24,11:39:44
1186,9,40.003402,116.343158,150,2008-10-24,11:39:46
1187,9,40.003412,116.343242,145,2008-10-24,11:39:48
1188,9,40.003399,116.343327,140,2008-10-24,11:39:50
1189,9,40.003399,116.343419,135,2008-10-24,11:39:52
1190,9,40.003405,116.343506,132,2008-10-24,11:39:54
1191,9,40.003407,116.343585,133,2008-10-24,11:39:56
1192,9,40.003392,116.343649,130,2008-10-24,11:39:58
1193,9,40.003355,116.343696,126,2008-10-24,11:40:01
1194,9,40.003308,116.343703,122,2008-10-24,11:40:02
1195,9,40.003256,116.343704,121,2008-10-24,11:40:03
1196,9,40.003185,116.343697,120,2008-10-24,11:40:05
1197,9,40.00313,116.343695,120,2008-10-24,11:40:07
1198,9,40.00308,116.343703,120,2008-10-24,11:40:10
1199,9,40.002997,116.343718,119,2008-10-24,11:40:12
1200,9,40.002925,116.343733,118,2008-10-24,11:40:14
1201,9,40.00287,116.343752,116,2008-10-24,11:40:17
1202,9,40.002825,116.343758,116,2008-10-24,11:40:21
1203,9,40.002839,116.343836,117,2008-10-24,11:40:24
1204,9,40.002853,116.343895,119,2008-10-24,11:40:26
1205,9,40.002856,116.343971,124,2008-10-24,11:40:29
1206,9,40.002803,116.34395,133,2008-10-24,11:40:34
1207,9,40.002821,116.343955,139,2008-10-24,11:40:39
1208,9,40.002839,116.343946,147,2008-10-24,11:40:44
1209,9,40.002833,116.343935,154,2008-10-24,11:40:49
1210,9,40.002834,116.343949,158,2008-10-24,11:40:54
1211,9,40.002834,116.343949,158,2008-10-24,11:40:57
1212,9,40.002835,116.343957,161,2008-10-24,11:40:59
1213,9,40.002855,116.344027,163,2008-10-24,11:41:01
1214,9,40.002886,116.344085,167,2008-10-24,11:41:03
1215,9,40.002873,116.344112,171,2008-10-24,11:41:08
1216,9,40.002857,116.344118,173,2008-10-24,11:41:13
1217,9,40.002848,116.344118,175,2008-10-24,11:41:18
1218,9,40.002854,116.344114,175,2008-10-24,11:41:23
1219,9,40.002854,116.344114,175,2008-10-24,11:41:26
1220,9,40.002856,116.344114,176,2008-10-24,11:41:28
1221,9,40.002872,116.344142,176,2008-10-24,11:41:33
1222,9,40.002905,116.344137,177,2008-10-24,11:41:38
1223,9,40.002957,116.344099,178,2008-10-24,11:41:42
1224,9,40.002998,116.344069,179,2008-10-24,11:41:44
1225,9,40.003069,116.344061,179,2008-10-24,11:41:46
1226,9,40.00312,116.344067,180,2008-10-24,11:41:49
1227,9,40.003147,116.344044,182,2008-10-24,11:41:54
